lost_track_buffer,track_activation_threshold,minimum_consecutive_frames,minimum_iou_threshold,high_conf_det_threshold,HOTA,IDF1,MOTA
10,0.2,1,0.05,0.5,0.8599112867230223,0.807168611107303,0.9855539275472646
10,0.2,1,0.05,0.6,0.8599112867230223,0.807168611107303,0.9855539275472646
10,0.2,1,0.05,0.7,0.8599112867230223,0.807168611107303,0.9855539275472646
10,0.2,1,0.05,0.9,0.8599112867230223,0.807168611107303,0.9855539275472646
10,0.2,1,0.1,0.5,0.8583377281016019,0.8056973839523457,0.9823915896545985
10,0.2,1,0.1,0.6,0.8583377281016019,0.8056973839523457,0.9823915896545985
10,0.2,1,0.1,0.7,0.8583377281016019,0.8056973839523457,0.9823915896545985
10,0.2,1,0.1,0.9,0.8583377281016019,0.8056973839523457,0.9823915896545985
10,0.2,1,0.3,0.5,0.8408749239762096,0.7865950850578108,0.9668036376435535
10,0.2,1,0.3,0.6,0.8408749239762096,0.7865950850578108,0.9668036376435535
10,0.2,1,0.3,0.7,0.8408749239762096,0.7865950850578108,0.9668036376435535
10,0.2,1,0.3,0.9,0.8408749239762096,0.7865950850578108,0.9668036376435535
10,0.2,3,0.05,0.5,0.858055556619098,0.8079583573684178,0.9814734475485742
10,0.2,3,0.05,0.6,0.858055556619098,0.8079583573684178,0.9814734475485742
10,0.2,3,0.05,0.7,0.858055556619098,0.8079583573684178,0.9814734475485742
10,0.2,3,0.05,0.9,0.858055556619098,0.8079583573684178,0.9814734475485742
10,0.2,3,0.1,0.5,0.8565072500456349,0.8068552729796804,0.9782565395455947
10,0.2,3,0.1,0.6,0.8565072500456349,0.8068552729796804,0.9782565395455947
10,0.2,3,0.1,0.7,0.8565072500456349,0.8068552729796804,0.9782565395455947
10,0.2,3,0.1,0.9,0.8565072500456349,0.8068552729796804,0.9782565395455947
10,0.2,3,0.3,0.5,0.8392091085303138,0.7892504085746902,0.9622497619378938
10,0.2,3,0.3,0.6,0.8392091085303138,0.7892504085746902,0.9622497619378938
10,0.2,3,0.3,0.7,0.8392091085303138,0.7892504085746902,0.9622497619378938
10,0.2,3,0.3,0.9,0.8392091085303138,0.7892504085746902,0.9622497619378938
10,0.5,1,0.05,0.5,0.8599112867230223,0.807168611107303,0.9855539275472646
10,0.5,1,0.05,0.6,0.8599112867230223,0.807168611107303,0.9855539275472646
10,0.5,1,0.05,0.7,0.8599112867230223,0.807168611107303,0.9855539275472646
10,0.5,1,0.05,0.9,0.8599112867230223,0.807168611107303,0.9855539275472646
10,0.5,1,0.1,0.5,0.8583377281016019,0.8056973839523457,0.9823915896545985
10,0.5,1,0.1,0.6,0.8583377281016019,0.8056973839523457,0.9823915896545985
10,0.5,1,0.1,0.7,0.8583377281016019,0.8056973839523457,0.9823915896545985
10,0.5,1,0.1,0.9,0.8583377281016019,0.8056973839523457,0.9823915896545985
10,0.5,1,0.3,0.5,0.8408749239762096,0.7865950850578108,0.9668036376435535
10,0.5,1,0.3,0.6,0.8408749239762096,0.7865950850578108,0.9668036376435535
10,0.5,1,0.3,0.7,0.8408749239762096,0.7865950850578108,0.9668036376435535
10,0.5,1,0.3,0.9,0.8408749239762096,0.7865950850578108,0.9668036376435535
10,0.5,3,0.05,0.5,0.858055556619098,0.8079583573684178,0.9814734475485742
10,0.5,3,0.05,0.6,0.858055556619098,0.8079583573684178,0.9814734475485742
10,0.5,3,0.05,0.7,0.858055556619098,0.8079583573684178,0.9814734475485742
10,0.5,3,0.05,0.9,0.858055556619098,0.8079583573684178,0.9814734475485742
10,0.5,3,0.1,0.5,0.8565072500456349,0.8068552729796804,0.9782565395455947
10,0.5,3,0.1,0.6,0.8565072500456349,0.8068552729796804,0.9782565395455947
10,0.5,3,0.1,0.7,0.8565072500456349,0.8068552729796804,0.9782565395455947
10,0.5,3,0.1,0.9,0.8565072500456349,0.8068552729796804,0.9782565395455947
10,0.5,3,0.3,0.5,0.8392091085303138,0.7892504085746902,0.9622497619378938
10,0.5,3,0.3,0.6,0.8392091085303138,0.7892504085746902,0.9622497619378938
10,0.5,3,0.3,0.7,0.8392091085303138,0.7892504085746902,0.9622497619378938
10,0.5,3,0.3,0.9,0.8392091085303138,0.7892504085746902,0.9622497619378938
10,0.7,1,0.05,0.5,0.8599112867230223,0.807168611107303,0.9855539275472646
10,0.7,1,0.05,0.6,0.8599112867230223,0.807168611107303,0.9855539275472646
10,0.7,1,0.05,0.7,0.8599112867230223,0.807168611107303,0.9855539275472646
10,0.7,1,0.05,0.9,0.8599112867230223,0.807168611107303,0.9855539275472646
10,0.7,1,0.1,0.5,0.8583377281016019,0.8056973839523457,0.9823915896545985
10,0.7,1,0.1,0.6,0.8583377281016019,0.8056973839523457,0.9823915896545985
10,0.7,1,0.1,0.7,0.8583377281016019,0.8056973839523457,0.9823915896545985
10,0.7,1,0.1,0.9,0.8583377281016019,0.8056973839523457,0.9823915896545985
10,0.7,1,0.3,0.5,0.8408749239762096,0.7865950850578108,0.9668036376435535
10,0.7,1,0.3,0.6,0.8408749239762096,0.7865950850578108,0.9668036376435535
10,0.7,1,0.3,0.7,0.8408749239762096,0.7865950850578108,0.9668036376435535
10,0.7,1,0.3,0.9,0.8408749239762096,0.7865950850578108,0.9668036376435535
10,0.7,3,0.05,0.5,0.858055556619098,0.8079583573684178,0.9814734475485742
10,0.7,3,0.05,0.6,0.858055556619098,0.8079583573684178,0.9814734475485742
10,0.7,3,0.05,0.7,0.858055556619098,0.8079583573684178,0.9814734475485742
10,0.7,3,0.05,0.9,0.858055556619098,0.8079583573684178,0.9814734475485742
10,0.7,3,0.1,0.5,0.8565072500456349,0.8068552729796804,0.9782565395455947
10,0.7,3,0.1,0.6,0.8565072500456349,0.8068552729796804,0.9782565395455947
10,0.7,3,0.1,0.7,0.8565072500456349,0.8068552729796804,0.9782565395455947
10,0.7,3,0.1,0.9,0.8565072500456349,0.8068552729796804,0.9782565395455947
10,0.7,3,0.3,0.5,0.8392091085303138,0.7892504085746902,0.9622497619378938
10,0.7,3,0.3,0.6,0.8392091085303138,0.7892504085746902,0.9622497619378938
10,0.7,3,0.3,0.7,0.8392091085303138,0.7892504085746902,0.9622497619378938
10,0.7,3,0.3,0.9,0.8392091085303138,0.7892504085746902,0.9622497619378938
10,0.9,1,0.05,0.5,0.8599112867230223,0.807168611107303,0.9855539275472646
10,0.9,1,0.05,0.6,0.8599112867230223,0.807168611107303,0.9855539275472646
10,0.9,1,0.05,0.7,0.8599112867230223,0.807168611107303,0.9855539275472646
10,0.9,1,0.05,0.9,0.8599112867230223,0.807168611107303,0.9855539275472646
10,0.9,1,0.1,0.5,0.8583377281016019,0.8056973839523457,0.9823915896545985
10,0.9,1,0.1,0.6,0.8583377281016019,0.8056973839523457,0.9823915896545985
10,0.9,1,0.1,0.7,0.8583377281016019,0.8056973839523457,0.9823915896545985
10,0.9,1,0.1,0.9,0.8583377281016019,0.8056973839523457,0.9823915896545985
10,0.9,1,0.3,0.5,0.8408749239762096,0.7865950850578108,0.9668036376435535
10,0.9,1,0.3,0.6,0.8408749239762096,0.7865950850578108,0.9668036376435535
10,0.9,1,0.3,0.7,0.8408749239762096,0.7865950850578108,0.9668036376435535
10,0.9,1,0.3,0.9,0.8408749239762096,0.7865950850578108,0.9668036376435535
10,0.9,3,0.05,0.5,0.858055556619098,0.8079583573684178,0.9814734475485742
10,0.9,3,0.05,0.6,0.858055556619098,0.8079583573684178,0.9814734475485742
10,0.9,3,0.05,0.7,0.858055556619098,0.8079583573684178,0.9814734475485742
10,0.9,3,0.05,0.9,0.858055556619098,0.8079583573684178,0.9814734475485742
10,0.9,3,0.1,0.5,0.8565072500456349,0.8068552729796804,0.9782565395455947
10,0.9,3,0.1,0.6,0.8565072500456349,0.8068552729796804,0.9782565395455947
10,0.9,3,0.1,0.7,0.8565072500456349,0.8068552729796804,0.9782565395455947
10,0.9,3,0.1,0.9,0.8565072500456349,0.8068552729796804,0.9782565395455947
10,0.9,3,0.3,0.5,0.8392091085303138,0.7892504085746902,0.9622497619378938
10,0.9,3,0.3,0.6,0.8392091085303138,0.7892504085746902,0.9622497619378938
10,0.9,3,0.3,0.7,0.8392091085303138,0.7892504085746902,0.9622497619378938
10,0.9,3,0.3,0.9,0.8392091085303138,0.7892504085746902,0.9622497619378938
30,0.2,1,0.05,0.5,0.860292877485162,0.8074763972149605,0.9855075429534981
30,0.2,1,0.05,0.6,0.860292877485162,0.8074763972149605,0.9855075429534981
30,0.2,1,0.05,0.7,0.860292877485162,0.8074763972149605,0.9855075429534981
30,0.2,1,0.05,0.9,0.860292877485162,0.8074763972149605,0.9855075429534981
30,0.2,1,0.1,0.5,0.8585979562347549,0.8059265989444335,0.982270171159151
30,0.2,1,0.1,0.6,0.8585979562347549,0.8059265989444335,0.982270171159151
30,0.2,1,0.1,0.7,0.8585979562347549,0.8059265989444335,0.982270171159151
30,0.2,1,0.1,0.9,0.8585979562347549,0.8059265989444335,0.982270171159151
30,0.2,1,0.3,0.5,0.8406865879278588,0.7863535277820342,0.9664625744540942
30,0.2,1,0.3,0.6,0.8406865879278588,0.7863535277820342,0.9664625744540942
30,0.2,1,0.3,0.7,0.8406865879278588,0.7863535277820342,0.9664625744540942
30,0.2,1,0.3,0.9,0.8406865879278588,0.7863535277820342,0.9664625744540942
30,0.2,3,0.05,0.5,0.8587009743888724,0.8087285397729655,0.981491182834426
30,0.2,3,0.05,0.6,0.8587009743888724,0.8087285397729655,0.981491182834426
30,0.2,3,0.05,0.7,0.8587009743888724,0.8087285397729655,0.981491182834426
30,0.2,3,0.05,0.9,0.8587009743888724,0.8087285397729655,0.981491182834426
30,0.2,3,0.1,0.5,0.8571272072863555,0.8076301753023273,0.9782865531062671
30,0.2,3,0.1,0.6,0.8571272072863555,0.8076301753023273,0.9782865531062671
30,0.2,3,0.1,0.7,0.8571272072863555,0.8076301753023273,0.9782865531062671
30,0.2,3,0.1,0.9,0.8571272072863555,0.8076301753023273,0.9782865531062671
30,0.2,3,0.3,0.5,0.8393531428773185,0.7895257671291624,0.9622020130913694
30,0.2,3,0.3,0.6,0.8393531428773185,0.7895257671291624,0.9622020130913694
30,0.2,3,0.3,0.7,0.8393531428773185,0.7895257671291624,0.9622020130913694
30,0.2,3,0.3,0.9,0.8393531428773185,0.7895257671291624,0.9622020130913694
30,0.5,1,0.05,0.5,0.860292877485162,0.8074763972149605,0.9855075429534981
30,0.5,1,0.05,0.6,0.860292877485162,0.8074763972149605,0.9855075429534981
30,0.5,1,0.05,0.7,0.860292877485162,0.8074763972149605,0.9855075429534981
30,0.5,1,0.05,0.9,0.860292877485162,0.8074763972149605,0.9855075429534981
30,0.5,1,0.1,0.5,0.8585979562347549,0.8059265989444335,0.982270171159151
30,0.5,1,0.1,0.6,0.8585979562347549,0.8059265989444335,0.982270171159151
30,0.5,1,0.1,0.7,0.8585979562347549,0.8059265989444335,0.982270171159151
30,0.5,1,0.1,0.9,0.8585979562347549,0.8059265989444335,0.982270171159151
30,0.5,1,0.3,0.5,0.8406865879278588,0.7863535277820342,0.9664625744540942
30,0.5,1,0.3,0.6,0.8406865879278588,0.7863535277820342,0.9664625744540942
30,0.5,1,0.3,0.7,0.8406865879278588,0.7863535277820342,0.9664625744540942
30,0.5,1,0.3,0.9,0.8406865879278588,0.7863535277820342,0.9664625744540942
30,0.5,3,0.05,0.5,0.8587009743888724,0.8087285397729655,0.981491182834426
30,0.5,3,0.05,0.6,0.8587009743888724,0.8087285397729655,0.981491182834426
30,0.5,3,0.05,0.7,0.8587009743888724,0.8087285397729655,0.981491182834426
30,0.5,3,0.05,0.9,0.8587009743888724,0.8087285397729655,0.981491182834426
30,0.5,3,0.1,0.5,0.8571272072863555,0.8076301753023273,0.9782865531062671
30,0.5,3,0.1,0.6,0.8571272072863555,0.8076301753023273,0.9782865531062671
30,0.5,3,0.1,0.7,0.8571272072863555,0.8076301753023273,0.9782865531062671
30,0.5,3,0.1,0.9,0.8571272072863555,0.8076301753023273,0.9782865531062671
30,0.5,3,0.3,0.5,0.8393531428773185,0.7895257671291624,0.9622020130913694
30,0.5,3,0.3,0.6,0.8393531428773185,0.7895257671291624,0.9622020130913694
30,0.5,3,0.3,0.7,0.8393531428773185,0.7895257671291624,0.9622020130913694
30,0.5,3,0.3,0.9,0.8393531428773185,0.7895257671291624,0.9622020130913694
30,0.7,1,0.05,0.5,0.860292877485162,0.8074763972149605,0.9855075429534981
30,0.7,1,0.05,0.6,0.860292877485162,0.8074763972149605,0.9855075429534981
30,0.7,1,0.05,0.7,0.860292877485162,0.8074763972149605,0.9855075429534981
30,0.7,1,0.05,0.9,0.860292877485162,0.8074763972149605,0.9855075429534981
30,0.7,1,0.1,0.5,0.8585979562347549,0.8059265989444335,0.982270171159151
30,0.7,1,0.1,0.6,0.8585979562347549,0.8059265989444335,0.982270171159151
30,0.7,1,0.1,0.7,0.8585979562347549,0.8059265989444335,0.982270171159151
30,0.7,1,0.1,0.9,0.8585979562347549,0.8059265989444335,0.982270171159151
30,0.7,1,0.3,0.5,0.8406865879278588,0.7863535277820342,0.9664625744540942
30,0.7,1,0.3,0.6,0.8406865879278588,0.7863535277820342,0.9664625744540942
30,0.7,1,0.3,0.7,0.8406865879278588,0.7863535277820342,0.9664625744540942
30,0.7,1,0.3,0.9,0.8406865879278588,0.7863535277820342,0.9664625744540942
30,0.7,3,0.05,0.5,0.8587009743888724,0.8087285397729655,0.981491182834426
30,0.7,3,0.05,0.6,0.8587009743888724,0.8087285397729655,0.981491182834426
30,0.7,3,0.05,0.7,0.8587009743888724,0.8087285397729655,0.981491182834426
30,0.7,3,0.05,0.9,0.8587009743888724,0.8087285397729655,0.981491182834426
30,0.7,3,0.1,0.5,0.8571272072863555,0.8076301753023273,0.9782865531062671
30,0.7,3,0.1,0.6,0.8571272072863555,0.8076301753023273,0.9782865531062671
30,0.7,3,0.1,0.7,0.8571272072863555,0.8076301753023273,0.9782865531062671
30,0.7,3,0.1,0.9,0.8571272072863555,0.8076301753023273,0.9782865531062671
30,0.7,3,0.3,0.5,0.8393531428773185,0.7895257671291624,0.9622020130913694
30,0.7,3,0.3,0.6,0.8393531428773185,0.7895257671291624,0.9622020130913694
30,0.7,3,0.3,0.7,0.8393531428773185,0.7895257671291624,0.9622020130913694
30,0.7,3,0.3,0.9,0.8393531428773185,0.7895257671291624,0.9622020130913694
30,0.9,1,0.05,0.5,0.860292877485162,0.8074763972149605,0.9855075429534981
30,0.9,1,0.05,0.6,0.860292877485162,0.8074763972149605,0.9855075429534981
30,0.9,1,0.05,0.7,0.860292877485162,0.8074763972149605,0.9855075429534981
30,0.9,1,0.05,0.9,0.860292877485162,0.8074763972149605,0.9855075429534981
30,0.9,1,0.1,0.5,0.8585979562347549,0.8059265989444335,0.982270171159151
30,0.9,1,0.1,0.6,0.8585979562347549,0.8059265989444335,0.982270171159151
30,0.9,1,0.1,0.7,0.8585979562347549,0.8059265989444335,0.982270171159151
30,0.9,1,0.1,0.9,0.8585979562347549,0.8059265989444335,0.982270171159151
30,0.9,1,0.3,0.5,0.8406865879278588,0.7863535277820342,0.9664625744540942
30,0.9,1,0.3,0.6,0.8406865879278588,0.7863535277820342,0.9664625744540942
30,0.9,1,0.3,0.7,0.8406865879278588,0.7863535277820342,0.9664625744540942
30,0.9,1,0.3,0.9,0.8406865879278588,0.7863535277820342,0.9664625744540942
30,0.9,3,0.05,0.5,0.8587009743888724,0.8087285397729655,0.981491182834426
30,0.9,3,0.05,0.6,0.8587009743888724,0.8087285397729655,0.981491182834426
30,0.9,3,0.05,0.7,0.8587009743888724,0.8087285397729655,0.981491182834426
30,0.9,3,0.05,0.9,0.8587009743888724,0.8087285397729655,0.981491182834426
30,0.9,3,0.1,0.5,0.8571272072863555,0.8076301753023273,0.9782865531062671
30,0.9,3,0.1,0.6,0.8571272072863555,0.8076301753023273,0.9782865531062671
30,0.9,3,0.1,0.7,0.8571272072863555,0.8076301753023273,0.9782865531062671
30,0.9,3,0.1,0.9,0.8571272072863555,0.8076301753023273,0.9782865531062671
30,0.9,3,0.3,0.5,0.8393531428773185,0.7895257671291624,0.9622020130913694
30,0.9,3,0.3,0.6,0.8393531428773185,0.7895257671291624,0.9622020130913694
30,0.9,3,0.3,0.7,0.8393531428773185,0.7895257671291624,0.9622020130913694
30,0.9,3,0.3,0.9,0.8393531428773185,0.7895257671291624,0.9622020130913694
60,0.2,1,0.05,0.5,0.8600029779821707,0.8071521003657339,0.9854502443376689
60,0.2,1,0.05,0.6,0.8600029779821707,0.8071521003657339,0.9854502443376689
60,0.2,1,0.05,0.7,0.8600029779821707,0.8071521003657339,0.9854502443376689
60,0.2,1,0.05,0.9,0.8600029779821707,0.8071521003657339,0.9854502443376689
60,0.2,1,0.1,0.5,0.8583005824768921,0.8055810595861074,0.9822442503567521
60,0.2,1,0.1,0.6,0.8583005824768921,0.8055810595861074,0.9822442503567521
60,0.2,1,0.1,0.7,0.8583005824768921,0.8055810595861074,0.9822442503567521
60,0.2,1,0.1,0.9,0.8583005824768921,0.8055810595861074,0.9822442503567521
60,0.2,1,0.3,0.5,0.8403536334802293,0.7860074124686833,0.9663943618162024
60,0.2,1,0.3,0.6,0.8403536334802293,0.7860074124686833,0.9663943618162024
60,0.2,1,0.3,0.7,0.8403536334802293,0.7860074124686833,0.9663943618162024
60,0.2,1,0.3,0.9,0.8403536334802293,0.7860074124686833,0.9663943618162024
60,0.2,3,0.05,0.5,0.8584675553011302,0.8085281044493412,0.9814679905375429
60,0.2,3,0.05,0.6,0.8584675553011302,0.8085281044493412,0.9814679905375429
60,0.2,3,0.05,0.7,0.8584675553011302,0.8085281044493412,0.9814679905375429
60,0.2,3,0.05,0.9,0.8584675553011302,0.8085281044493412,0.9814679905375429
60,0.2,3,0.1,0.5,0.8568987094071685,0.8074257698452046,0.9782892816117827
60,0.2,3,0.1,0.6,0.8568987094071685,0.8074257698452046,0.9782892816117827
60,0.2,3,0.1,0.7,0.8568987094071685,0.8074257698452046,0.9782892816117827
60,0.2,3,0.1,0.9,0.8568987094071685,0.8074257698452046,0.9782892816117827
60,0.2,3,0.3,0.5,0.8392928909327877,0.7895280677125368,0.9622115628606743
60,0.2,3,0.3,0.6,0.8392928909327877,0.7895280677125368,0.9622115628606743
60,0.2,3,0.3,0.7,0.8392928909327877,0.7895280677125368,0.9622115628606743
60,0.2,3,0.3,0.9,0.8392928909327877,0.7895280677125368,0.9622115628606743
60,0.5,1,0.05,0.5,0.8600029779821707,0.8071521003657339,0.9854502443376689
60,0.5,1,0.05,0.6,0.8600029779821707,0.8071521003657339,0.9854502443376689
60,0.5,1,0.05,0.7,0.8600029779821707,0.8071521003657339,0.9854502443376689
60,0.5,1,0.05,0.9,0.8600029779821707,0.8071521003657339,0.9854502443376689
60,0.5,1,0.1,0.5,0.8583005824768921,0.8055810595861074,0.9822442503567521
60,0.5,1,0.1,0.6,0.8583005824768921,0.8055810595861074,0.9822442503567521
60,0.5,1,0.1,0.7,0.8583005824768921,0.8055810595861074,0.9822442503567521
60,0.5,1,0.1,0.9,0.8583005824768921,0.8055810595861074,0.9822442503567521
60,0.5,1,0.3,0.5,0.8403536334802293,0.7860074124686833,0.9663943618162024
60,0.5,1,0.3,0.6,0.8403536334802293,0.7860074124686833,0.9663943618162024
60,0.5,1,0.3,0.7,0.8403536334802293,0.7860074124686833,0.9663943618162024
60,0.5,1,0.3,0.9,0.8403536334802293,0.7860074124686833,0.9663943618162024
60,0.5,3,0.05,0.5,0.8584675553011302,0.8085281044493412,0.9814679905375429
60,0.5,3,0.05,0.6,0.8584675553011302,0.8085281044493412,0.9814679905375429
60,0.5,3,0.05,0.7,0.8584675553011302,0.8085281044493412,0.9814679905375429
60,0.5,3,0.05,0.9,0.8584675553011302,0.8085281044493412,0.9814679905375429
60,0.5,3,0.1,0.5,0.8568987094071685,0.8074257698452046,0.9782892816117827
60,0.5,3,0.1,0.6,0.8568987094071685,0.8074257698452046,0.9782892816117827
60,0.5,3,0.1,0.7,0.8568987094071685,0.8074257698452046,0.9782892816117827
60,0.5,3,0.1,0.9,0.8568987094071685,0.8074257698452046,0.9782892816117827
60,0.5,3,0.3,0.5,0.8392928909327877,0.7895280677125368,0.9622115628606743
60,0.5,3,0.3,0.6,0.8392928909327877,0.7895280677125368,0.9622115628606743
60,0.5,3,0.3,0.7,0.8392928909327877,0.7895280677125368,0.9622115628606743
60,0.5,3,0.3,0.9,0.8392928909327877,0.7895280677125368,0.9622115628606743
60,0.7,1,0.05,0.5,0.8600029779821707,0.8071521003657339,0.9854502443376689
60,0.7,1,0.05,0.6,0.8600029779821707,0.8071521003657339,0.9854502443376689
60,0.7,1,0.05,0.7,0.8600029779821707,0.8071521003657339,0.9854502443376689
60,0.7,1,0.05,0.9,0.8600029779821707,0.8071521003657339,0.9854502443376689
60,0.7,1,0.1,0.5,0.8583005824768921,0.8055810595861074,0.9822442503567521
60,0.7,1,0.1,0.6,0.8583005824768921,0.8055810595861074,0.9822442503567521
60,0.7,1,0.1,0.7,0.8583005824768921,0.8055810595861074,0.9822442503567521
60,0.7,1,0.1,0.9,0.8583005824768921,0.8055810595861074,0.9822442503567521
60,0.7,1,0.3,0.5,0.8403536334802293,0.7860074124686833,0.9663943618162024
60,0.7,1,0.3,0.6,0.8403536334802293,0.7860074124686833,0.9663943618162024
60,0.7,1,0.3,0.7,0.8403536334802293,0.7860074124686833,0.9663943618162024
60,0.7,1,0.3,0.9,0.8403536334802293,0.7860074124686833,0.9663943618162024
60,0.7,3,0.05,0.5,0.8584675553011302,0.8085281044493412,0.9814679905375429
60,0.7,3,0.05,0.6,0.8584675553011302,0.8085281044493412,0.9814679905375429
60,0.7,3,0.05,0.7,0.8584675553011302,0.8085281044493412,0.9814679905375429
60,0.7,3,0.05,0.9,0.8584675553011302,0.8085281044493412,0.9814679905375429
60,0.7,3,0.1,0.5,0.8568987094071685,0.8074257698452046,0.9782892816117827
60,0.7,3,0.1,0.6,0.8568987094071685,0.8074257698452046,0.9782892816117827
60,0.7,3,0.1,0.7,0.8568987094071685,0.8074257698452046,0.9782892816117827
60,0.7,3,0.1,0.9,0.8568987094071685,0.8074257698452046,0.9782892816117827
60,0.7,3,0.3,0.5,0.8392928909327877,0.7895280677125368,0.9622115628606743
60,0.7,3,0.3,0.6,0.8392928909327877,0.7895280677125368,0.9622115628606743
60,0.7,3,0.3,0.7,0.8392928909327877,0.7895280677125368,0.9622115628606743
60,0.7,3,0.3,0.9,0.8392928909327877,0.7895280677125368,0.9622115628606743
60,0.9,1,0.05,0.5,0.8600029779821707,0.8071521003657339,0.9854502443376689
60,0.9,1,0.05,0.6,0.8600029779821707,0.8071521003657339,0.9854502443376689
60,0.9,1,0.05,0.7,0.8600029779821707,0.8071521003657339,0.9854502443376689
60,0.9,1,0.05,0.9,0.8600029779821707,0.8071521003657339,0.9854502443376689
60,0.9,1,0.1,0.5,0.8583005824768921,0.8055810595861074,0.9822442503567521
60,0.9,1,0.1,0.6,0.8583005824768921,0.8055810595861074,0.9822442503567521
60,0.9,1,0.1,0.7,0.8583005824768921,0.8055810595861074,0.9822442503567521
60,0.9,1,0.1,0.9,0.8583005824768921,0.8055810595861074,0.9822442503567521
60,0.9,1,0.3,0.5,0.8403536334802293,0.7860074124686833,0.9663943618162024
60,0.9,1,0.3,0.6,0.8403536334802293,0.7860074124686833,0.9663943618162024
60,0.9,1,0.3,0.7,0.8403536334802293,0.7860074124686833,0.9663943618162024
60,0.9,1,0.3,0.9,0.8403536334802293,0.7860074124686833,0.9663943618162024
60,0.9,3,0.05,0.5,0.8584675553011302,0.8085281044493412,0.9814679905375429
60,0.9,3,0.05,0.6,0.8584675553011302,0.8085281044493412,0.9814679905375429
60,0.9,3,0.05,0.7,0.8584675553011302,0.8085281044493412,0.9814679905375429
60,0.9,3,0.05,0.9,0.8584675553011302,0.8085281044493412,0.9814679905375429
60,0.9,3,0.1,0.5,0.8568987094071685,0.8074257698452046,0.9782892816117827
60,0.9,3,0.1,0.6,0.8568987094071685,0.8074257698452046,0.9782892816117827
60,0.9,3,0.1,0.7,0.8568987094071685,0.8074257698452046,0.9782892816117827
60,0.9,3,0.1,0.9,0.8568987094071685,0.8074257698452046,0.9782892816117827
60,0.9,3,0.3,0.5,0.8392928909327877,0.7895280677125368,0.9622115628606743
60,0.9,3,0.3,0.6,0.8392928909327877,0.7895280677125368,0.9622115628606743
60,0.9,3,0.3,0.7,0.8392928909327877,0.7895280677125368,0.9622115628606743
60,0.9,3,0.3,0.9,0.8392928909327877,0.7895280677125368,0.9622115628606743
90,0.2,1,0.05,0.5,0.8599453221104806,0.8071316314158603,0.985440694568364
90,0.2,1,0.05,0.6,0.8599453221104806,0.8071316314158603,0.985440694568364
90,0.2,1,0.05,0.7,0.8599453221104806,0.8071316314158603,0.985440694568364
90,0.2,1,0.05,0.9,0.8599453221104806,0.8071316314158603,0.985440694568364
90,0.2,1,0.1,0.5,0.8581119990192538,0.8053898419991574,0.9822674426536353
90,0.2,1,0.1,0.6,0.8581119990192538,0.8053898419991574,0.9822674426536353
90,0.2,1,0.1,0.7,0.8581119990192538,0.8053898419991574,0.9822674426536353
90,0.2,1,0.1,0.9,0.8581119990192538,0.8053898419991574,0.9822674426536353
90,0.2,1,0.3,0.5,0.8401636681814463,0.7857262153048562,0.9664011830799916
90,0.2,1,0.3,0.6,0.8401636681814463,0.7857262153048562,0.9664011830799916
90,0.2,1,0.3,0.7,0.8401636681814463,0.7857262153048562,0.9664011830799916
90,0.2,1,0.3,0.9,0.8401636681814463,0.7857262153048562,0.9664011830799916
90,0.2,3,0.05,0.5,0.8584135011836512,0.8085258809107528,0.9814734475485742
90,0.2,3,0.05,0.6,0.8584135011836512,0.8085258809107528,0.9814734475485742
90,0.2,3,0.05,0.7,0.8584135011836512,0.8085258809107528,0.9814734475485742
90,0.2,3,0.05,0.9,0.8584135011836512,0.8085258809107528,0.9814734475485742
90,0.2,3,0.1,0.5,0.8568445729059422,0.8074213219780644,0.9782988313810876
90,0.2,3,0.1,0.6,0.8568445729059422,0.8074213219780644,0.9782988313810876
90,0.2,3,0.1,0.7,0.8568445729059422,0.8074213219780644,0.9782988313810876
90,0.2,3,0.1,0.9,0.8568445729059422,0.8074213219780644,0.9782988313810876
90,0.2,3,0.3,0.5,0.839299729334839,0.7895250724996721,0.9622238411354949
90,0.2,3,0.3,0.6,0.839299729334839,0.7895250724996721,0.9622238411354949
90,0.2,3,0.3,0.7,0.839299729334839,0.7895250724996721,0.9622238411354949
90,0.2,3,0.3,0.9,0.839299729334839,0.7895250724996721,0.9622238411354949
90,0.5,1,0.05,0.5,0.8599453221104806,0.8071316314158603,0.985440694568364
90,0.5,1,0.05,0.6,0.8599453221104806,0.8071316314158603,0.985440694568364
90,0.5,1,0.05,0.7,0.8599453221104806,0.8071316314158603,0.985440694568364
90,0.5,1,0.05,0.9,0.8599453221104806,0.8071316314158603,0.985440694568364
90,0.5,1,0.1,0.5,0.8581119990192538,0.8053898419991574,0.9822674426536353
90,0.5,1,0.1,0.6,0.8581119990192538,0.8053898419991574,0.9822674426536353
90,0.5,1,0.1,0.7,0.8581119990192538,0.8053898419991574,0.9822674426536353
90,0.5,1,0.1,0.9,0.8581119990192538,0.8053898419991574,0.9822674426536353
90,0.5,1,0.3,0.5,0.8401636681814463,0.7857262153048562,0.9664011830799916
90,0.5,1,0.3,0.6,0.8401636681814463,0.7857262153048562,0.9664011830799916
90,0.5,1,0.3,0.7,0.8401636681814463,0.7857262153048562,0.9664011830799916
90,0.5,1,0.3,0.9,0.8401636681814463,0.7857262153048562,0.9664011830799916
90,0.5,3,0.05,0.5,0.8584135011836512,0.8085258809107528,0.9814734475485742
90,0.5,3,0.05,0.6,0.8584135011836512,0.8085258809107528,0.9814734475485742
90,0.5,3,0.05,0.7,0.8584135011836512,0.8085258809107528,0.9814734475485742
90,0.5,3,0.05,0.9,0.8584135011836512,0.8085258809107528,0.9814734475485742
90,0.5,3,0.1,0.5,0.8568445729059422,0.8074213219780644,0.9782988313810876
90,0.5,3,0.1,0.6,0.8568445729059422,0.8074213219780644,0.9782988313810876
90,0.5,3,0.1,0.7,0.8568445729059422,0.8074213219780644,0.9782988313810876
90,0.5,3,0.1,0.9,0.8568445729059422,0.8074213219780644,0.9782988313810876
90,0.5,3,0.3,0.5,0.839299729334839,0.7895250724996721,0.9622238411354949
90,0.5,3,0.3,0.6,0.839299729334839,0.7895250724996721,0.9622238411354949
90,0.5,3,0.3,0.7,0.839299729334839,0.7895250724996721,0.9622238411354949
90,0.5,3,0.3,0.9,0.839299729334839,0.7895250724996721,0.9622238411354949
90,0.7,1,0.05,0.5,0.8599453221104806,0.8071316314158603,0.985440694568364
90,0.7,1,0.05,0.6,0.8599453221104806,0.8071316314158603,0.985440694568364
90,0.7,1,0.05,0.7,0.8599453221104806,0.8071316314158603,0.985440694568364
90,0.7,1,0.05,0.9,0.8599453221104806,0.8071316314158603,0.985440694568364
90,0.7,1,0.1,0.5,0.8581119990192538,0.8053898419991574,0.9822674426536353
90,0.7,1,0.1,0.6,0.8581119990192538,0.8053898419991574,0.9822674426536353
90,0.7,1,0.1,0.7,0.8581119990192538,0.8053898419991574,0.9822674426536353
90,0.7,1,0.1,0.9,0.8581119990192538,0.8053898419991574,0.9822674426536353
90,0.7,1,0.3,0.5,0.8401636681814463,0.7857262153048562,0.9664011830799916
90,0.7,1,0.3,0.6,0.8401636681814463,0.7857262153048562,0.9664011830799916
90,0.7,1,0.3,0.7,0.8401636681814463,0.7857262153048562,0.9664011830799916
90,0.7,1,0.3,0.9,0.8401636681814463,0.7857262153048562,0.9664011830799916
90,0.7,3,0.05,0.5,0.8584135011836512,0.8085258809107528,0.9814734475485742
90,0.7,3,0.05,0.6,0.8584135011836512,0.8085258809107528,0.9814734475485742
90,0.7,3,0.05,0.7,0.8584135011836512,0.8085258809107528,0.9814734475485742
90,0.7,3,0.05,0.9,0.8584135011836512,0.8085258809107528,0.9814734475485742
90,0.7,3,0.1,0.5,0.8568445729059422,0.8074213219780644,0.9782988313810876
90,0.7,3,0.1,0.6,0.8568445729059422,0.8074213219780644,0.9782988313810876
90,0.7,3,0.1,0.7,0.8568445729059422,0.8074213219780644,0.9782988313810876
90,0.7,3,0.1,0.9,0.8568445729059422,0.8074213219780644,0.9782988313810876
90,0.7,3,0.3,0.5,0.839299729334839,0.7895250724996721,0.9622238411354949
90,0.7,3,0.3,0.6,0.839299729334839,0.7895250724996721,0.9622238411354949
90,0.7,3,0.3,0.7,0.839299729334839,0.7895250724996721,0.9622238411354949
90,0.7,3,0.3,0.9,0.839299729334839,0.7895250724996721,0.9622238411354949
90,0.9,1,0.05,0.5,0.8599453221104806,0.8071316314158603,0.985440694568364
90,0.9,1,0.05,0.6,0.8599453221104806,0.8071316314158603,0.985440694568364
90,0.9,1,0.05,0.7,0.8599453221104806,0.8071316314158603,0.985440694568364
90,0.9,1,0.05,0.9,0.8599453221104806,0.8071316314158603,0.985440694568364
90,0.9,1,0.1,0.5,0.8581119990192538,0.8053898419991574,0.9822674426536353
90,0.9,1,0.1,0.6,0.8581119990192538,0.8053898419991574,0.9822674426536353
90,0.9,1,0.1,0.7,0.8581119990192538,0.8053898419991574,0.9822674426536353
90,0.9,1,0.1,0.9,0.8581119990192538,0.8053898419991574,0.9822674426536353
90,0.9,1,0.3,0.5,0.8401636681814463,0.7857262153048562,0.9664011830799916
90,0.9,1,0.3,0.6,0.8401636681814463,0.7857262153048562,0.9664011830799916
90,0.9,1,0.3,0.7,0.8401636681814463,0.7857262153048562,0.9664011830799916
90,0.9,1,0.3,0.9,0.8401636681814463,0.7857262153048562,0.9664011830799916
90,0.9,3,0.05,0.5,0.8584135011836512,0.8085258809107528,0.9814734475485742
90,0.9,3,0.05,0.6,0.8584135011836512,0.8085258809107528,0.9814734475485742
90,0.9,3,0.05,0.7,0.8584135011836512,0.8085258809107528,0.9814734475485742
90,0.9,3,0.05,0.9,0.8584135011836512,0.8085258809107528,0.9814734475485742
90,0.9,3,0.1,0.5,0.8568445729059422,0.8074213219780644,0.9782988313810876
90,0.9,3,0.1,0.6,0.8568445729059422,0.8074213219780644,0.9782988313810876
90,0.9,3,0.1,0.7,0.8568445729059422,0.8074213219780644,0.9782988313810876
90,0.9,3,0.1,0.9,0.8568445729059422,0.8074213219780644,0.9782988313810876
90,0.9,3,0.3,0.5,0.839299729334839,0.7895250724996721,0.9622238411354949
90,0.9,3,0.3,0.6,0.839299729334839,0.7895250724996721,0.9622238411354949
90,0.9,3,0.3,0.7,0.839299729334839,0.7895250724996721,0.9622238411354949
90,0.9,3,0.3,0.9,0.839299729334839,0.7895250724996721,0.9622238411354949
