lost_track_buffer,track_activation_threshold,minimum_consecutive_frames,minimum_iou_threshold,HOTA,IDF1,MOTA
10,0.25,2,0.05,0.5569914748154433,0.5104216481669477,0.9109735477029777
10,0.25,2,0.1,0.5577995553755865,0.5099010039548039,0.9121628980024646
10,0.25,2,0.3,0.5660722700820597,0.5174144183031716,0.9207634769151406
10,0.25,2,0.5,0.5092615219580435,0.42456608811748997,0.9236236494425816
10,0.25,2,0.7,0.25150377875443225,0.15936555107221928,0.8163643137592067
10,0.25,3,0.05,0.5580217684404246,0.5159426795822315,0.9121256412460952
10,0.25,3,0.1,0.5616610425398941,0.5173476952107108,0.9133379187802712
10,0.25,3,0.3,0.5683919968317557,0.5192469977280104,0.9221161837617861
10,0.25,3,0.5,0.5111312146744678,0.4294409471201713,0.921531539277219
10,0.25,3,0.7,0.24952311368418761,0.16448346875466208,0.7740435044278222
10,0.25,5,0.05,0.5617070799927161,0.5216298659265621,0.9103688418880578
10,0.25,5,0.1,0.564399552548157,0.5250539987294417,0.9120052732639784
10,0.25,5,0.3,0.5712351491640039,0.5248347567346568,0.9195999197546786
10,0.25,5,0.5,0.5115643632812185,0.43572850746678105,0.9117989281517783
10,0.25,5,0.7,0.24431652033128523,0.17131834053671283,0.6971054366205256
10,0.5,2,0.05,0.5648019631277452,0.5258889030724968,0.9172498781990657
10,0.5,2,0.1,0.5674491918950275,0.5262992342700992,0.9191757659129338
10,0.5,2,0.3,0.5732244192708802,0.5269018215781743,0.9272576161407732
10,0.5,2,0.5,0.5163528717865117,0.4351213673508646,0.9300633364858281
10,0.5,2,0.7,0.2524213393080705,0.16074933945768508,0.8196715673630814
10,0.5,3,0.05,0.5665204661217043,0.5310870335679206,0.9172584759120741
10,0.5,3,0.1,0.5683800560524288,0.5306431018001669,0.9188777118619781
10,0.5,3,0.3,0.5740540642458128,0.5306994519900557,0.9268965121944229
10,0.5,3,0.5,0.5154404557106442,0.4360354731980759,0.9259593614765139
10,0.5,3,0.7,0.25005197435750237,0.16538055172094673,0.7748717507809589
10,0.5,5,0.05,0.5669961587595701,0.5331762791722455,0.9139540882125354
10,0.5,5,0.1,0.5691400662646697,0.5344102414699202,0.9160547960909065
10,0.5,5,0.3,0.5755482564083486,0.533977780778881,0.9227380850027226
10,0.5,5,0.5,0.5168472295947216,0.444833427605492,0.9149370933998223
10,0.5,5,0.7,0.24447505789177532,0.17199257623547293,0.696861834751956
10,0.75,2,0.05,0.5702067739564717,0.5361138781611884,0.9246811681426074
10,0.75,2,0.1,0.5744299584025646,0.5406829774748341,0.9267646805949618
10,0.75,2,0.3,0.5828014900023648,0.5439560595362659,0.9354111139770155
10,0.75,2,0.5,0.5222640057116962,0.4440365816645001,0.9350156191786319
10,0.75,2,0.7,0.25366191447452807,0.16244300455963523,0.8197174218324592
10,0.75,3,0.05,0.5708134314171113,0.5391624266586855,0.9236866993379761
10,0.75,3,0.1,0.5739279999434883,0.542971842135022,0.925884847963775
10,0.75,3,0.3,0.5831768872954562,0.545933601172162,0.9342188977731923
10,0.75,3,0.5,0.5215550099570032,0.4458680812259258,0.9295159487576304
10,0.75,3,0.7,0.2509144900637884,0.1667418762066479,0.7738944774023443
10,0.75,5,0.05,0.5724786592364419,0.5438231661019254,0.9199123033273149
10,0.75,5,0.1,0.5771226390154403,0.5500291655253555,0.9231393116097785
10,0.75,5,0.3,0.584711297824047,0.5510200004566315,0.9296993666351417
10,0.75,5,0.5,0.5202165087717225,0.450955768689766,0.9170148740435045
10,0.75,5,0.7,0.24504508029921107,0.1730156703690246,0.69554638466168
10,0.9,2,0.05,0.6045095591906148,0.5951478435969618,0.9333075401943083
10,0.9,2,0.1,0.6048337556550528,0.5938690093564746,0.9334078468460723
10,0.9,2,0.3,0.6097383660561586,0.591491936755946,0.93481787177944
10,0.9,2,0.5,0.5380560357514806,0.4732355870230506,0.923050468575359
10,0.9,2,0.7,0.25029665000710094,0.16641827498981024,0.7743960106611641
10,0.9,3,0.05,0.603860090903434,0.5950596344552092,0.931630986157682
10,0.9,3,0.1,0.6041755463341731,0.5937856185707809,0.9316854383400682
10,0.9,3,0.3,0.6089962673951476,0.5914102466542519,0.9328547273092024
10,0.9,3,0.5,0.5372810575260174,0.47443351722568583,0.9175192732066604
10,0.9,3,0.7,0.24732143513246677,0.16989658913785874,0.7326340526753217
10,0.9,5,0.05,0.6021507230532379,0.5943122361178873,0.9279511649901127
10,0.9,5,0.1,0.6026787358481607,0.5937093287924916,0.9280801306852378
10,0.9,5,0.3,0.6074891442312678,0.5918253369644697,0.9285702003267131
10,0.9,5,0.5,0.535223715271006,0.47646970733583704,0.906580116355716
10,0.9,5,0.7,0.24126175334885805,0.17561304995607574,0.661106812254607
30,0.25,2,0.05,0.5489718242341699,0.5109109633616274,0.903645430315536
30,0.25,2,0.1,0.5490767586946177,0.5095370812095646,0.9056028429771015
30,0.25,2,0.3,0.5603067698340777,0.5181072718040504,0.9161092482732927
30,0.25,2,0.5,0.5065849400492052,0.4281567776811832,0.9185825237153584
30,0.25,2,0.7,0.2548865032097732,0.1636988126610014,0.8151147794686613
30,0.25,3,0.05,0.5533141254817405,0.5197528327651729,0.9052474708394234
30,0.25,3,0.1,0.5524222825745693,0.5159808087577882,0.9071733585532915
30,0.25,3,0.3,0.5592570689442025,0.5155620363163443,0.9173788438941908
30,0.25,3,0.5,0.5107376928240371,0.4369181220295989,0.9167225518012209
30,0.25,3,0.7,0.253030266872826,0.16877827429576006,0.7735992892557246
30,0.25,5,0.05,0.5587805260513147,0.5281062969901056,0.904227208895767
30,0.25,5,0.1,0.5545810643582159,0.5219293313240818,0.9058493107500072
30,0.25,5,0.3,0.563619464366013,0.5223033068565897,0.9156363740578339
30,0.25,5,0.5,0.5094550998857479,0.44232818557282993,0.9084687473132147
30,0.25,5,0.7,0.24718617446486846,0.17495998352310416,0.6991946808815521
30,0.5,2,0.05,0.5569193781309582,0.5237132078003587,0.9103172556100078
30,0.5,2,0.1,0.5589272666477771,0.5260875711552377,0.9129997420686098
30,0.5,2,0.3,0.5709084078732831,0.5330900147454442,0.9220617315793999
30,0.5,2,0.5,0.5144638272439023,0.4407745700743598,0.9260510704152696
30,0.5,2,0.7,0.2553533050621408,0.16436731028823226,0.8184191671682
30,0.5,3,0.05,0.5610425338329176,0.5314783885575931,0.9108445820078526
30,0.5,3,0.1,0.5622310375200509,0.5332244856737685,0.9127590061043762
30,0.5,3,0.3,0.5710175782538919,0.5335455370206545,0.9219929498753332
30,0.5,3,0.5,0.5151256266166309,0.4437255995538204,0.9223769810563723
30,0.5,3,0.7,0.2533113226071841,0.16930427452452299,0.7746510761470782
30,0.5,5,0.05,0.5623379401867717,0.5367648610214407,0.908477345026223
30,0.5,5,0.1,0.5622819914076206,0.5374872197858839,0.9104892098701746
30,0.5,5,0.3,0.5735272475105674,0.5402570749468857,0.9189350299487004
30,0.5,5,0.5,0.5149199398766197,0.4512940680790769,0.9121772275241452
30,0.5,5,0.7,0.24752496693764053,0.17584080972396365,0.6991516923165104
30,0.75,2,0.05,0.5656042002775737,0.5412790852728194,0.9183589831771416
30,0.75,2,0.1,0.5665332144902165,0.5435730658904978,0.9207806723411572
30,0.75,2,0.3,0.5782912847528588,0.5473270060006421,0.9310921961424927
30,0.75,2,0.5,0.522663574058876,0.45365602103888797,0.9310262803427621
30,0.75,2,0.7,0.25652437144312673,0.16655339355271392,0.8188834436706502
30,0.75,3,0.05,0.5658570980738095,0.5439630359249525,0.9175507981543576
30,0.75,3,0.1,0.5672744445750058,0.5468152032192932,0.9200813916831456
30,0.75,3,0.3,0.577256730418666,0.5469205758878839,0.9299429685037114
30,0.75,3,0.5,0.5218372476150084,0.4547882531404322,0.9260252772762445
30,0.75,3,0.7,0.2541858607568286,0.1711979681455461,0.7746367466253976
30,0.75,5,0.05,0.567126269108108,0.5483236216374047,0.9147106869572693
30,0.75,5,0.1,0.5681266196124005,0.5489201286438861,0.916751210844582
30,0.75,5,0.3,0.5845027842630842,0.5595884261940094,0.9263118677098559
30,0.75,5,0.5,0.5215041893619015,0.45924449253809074,0.914498610036397
30,0.75,5,0.7,0.24812244083914506,0.17707297187117815,0.6981314303728542
30,0.9,2,0.05,0.5961835895706198,0.5925603691667306,0.9309001805519732
30,0.9,2,0.1,0.5980890882487087,0.5948830540498595,0.9313128707763735
30,0.9,2,0.3,0.607728986813603,0.592596088526583,0.9339924913306393
30,0.9,2,0.5,0.5345587733548354,0.47695651543912015,0.922468689995128
30,0.9,2,0.7,0.2531970729773959,0.17064916228127266,0.7766801364170464
30,0.9,3,0.05,0.5955739494856175,0.592431737068892,0.9293841171581693
30,0.9,3,0.1,0.5974784838219424,0.5947447485968228,0.9297767460522168
30,0.9,3,0.3,0.6069155850248631,0.5922397240561681,0.9320494081907545
30,0.9,3,0.5,0.5336543143270311,0.4777945928972354,0.9171696328776545
30,0.9,3,0.7,0.25043373899556903,0.1744599903771703,0.7358295360100879
30,0.9,5,0.05,0.5939396764911249,0.5918081331274603,0.9261341816410168
30,0.9,5,0.1,0.5961033296117724,0.5945051241331246,0.9265783968131144
30,0.9,5,0.3,0.6057402180249877,0.5926381988157052,0.9280486057375404
30,0.9,5,0.5,0.5325078791120446,0.4796224946829207,0.9067749978505717
30,0.9,5,0.7,0.24446254441283302,0.17971477345235032,0.6660017768606884
60,0.25,2,0.05,0.5464401359379781,0.5089607830851383,0.9014186226463761
60,0.25,2,0.1,0.5512637445423607,0.5138296063141402,0.9039148253231307
60,0.25,2,0.3,0.5501591956732733,0.5077798053016479,0.9139368927865188
60,0.25,2,0.5,0.5050557938476398,0.4277240670683294,0.9178660476313301
60,0.25,2,0.7,0.2549202988202286,0.1636267872360572,0.8146906256269165
60,0.25,3,0.05,0.5540389787833112,0.5197573949705402,0.9034046943513026
60,0.25,3,0.1,0.5538734800779382,0.5192555544062021,0.904958014501476
60,0.25,3,0.3,0.5534236902980832,0.5104363072415107,0.9148167254177055
60,0.25,3,0.5,0.5058299252694607,0.4310460006694632,0.9156335081534979
60,0.25,3,0.7,0.2534620443240294,0.16886094651883504,0.7737999025592526
60,0.25,5,0.05,0.5544641605578892,0.5248354522380039,0.9025621184764853
60,0.25,5,0.1,0.5533673436924141,0.5234461697518985,0.9044106267732783
60,0.25,5,0.3,0.559532679420132,0.5207024628048461,0.9133780414409767
60,0.25,5,0.5,0.5041780065068394,0.43804978113046866,0.9066345685381022
60,0.25,5,0.7,0.24782912952999867,0.1752297856629292,0.7003066517639641
60,0.5,2,0.05,0.5568616434727502,0.52602968555989,0.908526065399937
60,0.5,2,0.1,0.5593217236884507,0.5267310725993221,0.9110595248330611
60,0.5,2,0.3,0.5658678325036989,0.5291121050507663,0.9205599977072765
60,0.5,2,0.5,0.5111354690440759,0.4378975732046319,0.9243687845699711
60,0.5,2,0.7,0.2552146476120006,0.16398040756658946,0.8182214197690081
60,0.5,3,0.05,0.5613073726742737,0.5337955715857889,0.9091995529189235
60,0.5,3,0.1,0.5614278615899408,0.5323748871784235,0.9109162296162554
60,0.5,3,0.3,0.5667133520790193,0.5308776494899419,0.9199037056143066
60,0.5,3,0.5,0.5104379594532314,0.4393822923423797,0.9205657295159487
60,0.5,3,0.7,0.25352953786951526,0.16918468931580782,0.7749462642936978
60,0.5,5,0.05,0.5634789983378699,0.5397730706578646,0.9069211589717135
60,0.5,5,0.1,0.5618494418701444,0.5378397657675656,0.9087668013641704
60,0.5,5,0.3,0.5712159551416649,0.5392262251246688,0.9174132347462242
60,0.5,5,0.5,0.5074562547581644,0.4431305210374324,0.9104433554007967
60,0.5,5,0.7,0.2480487409787551,0.17598606590476745,0.7003754334680309
60,0.75,2,0.05,0.5589323571966492,0.5374313774443936,0.9166680996188348
60,0.75,2,0.1,0.5657496763270886,0.5430049776392369,0.9186427077064168
60,0.75,2,0.3,0.5750771525542263,0.5458299825168648,0.929782477860889
60,0.75,2,0.5,0.5178537779387193,0.4495698872542162,0.9295417418966555
60,0.75,2,0.7,0.2568914765498602,0.16712162798872193,0.8184478262115611
60,0.75,3,0.05,0.5640858453619583,0.5422535310208595,0.9157739374659674
60,0.75,3,0.1,0.5655857009064985,0.5439652492435549,0.9180809904565386
60,0.75,3,0.3,0.5739104400303509,0.5454393509311668,0.9287908749605939
60,0.75,3,0.5,0.5175073605978691,0.45103721409756564,0.9244089072306766
60,0.75,3,0.7,0.25485003822075236,0.17193040463392287,0.7749262029633451
60,0.75,5,0.05,0.5645034875250954,0.5455104082984511,0.9131459031897515
60,0.75,5,0.1,0.5662608185331333,0.5462312479713234,0.9151692316510475
60,0.75,5,0.3,0.578435606815124,0.5547772955314101,0.9248932450634798
60,0.75,5,0.5,0.5170534270304299,0.4556109011959862,0.91330925973691
60,0.75,5,0.7,0.24920091924496712,0.17785488866573027,0.6992032785945606
60,0.9,2,0.05,0.5972892427448879,0.5967312906030999,0.9298770527039807
60,0.9,2,0.1,0.5975464216737674,0.5952480591686665,0.9307339581004787
60,0.9,2,0.3,0.6041088469387202,0.5903730507156904,0.9336715100449947
60,0.9,2,0.5,0.5315163242755755,0.47500857680109204,0.9214369644341271
60,0.9,2,0.7,0.2537920425977999,0.17100525955713228,0.7772189264322357
60,0.9,3,0.05,0.5969085178115482,0.5974855738390443,0.9284011119708824
60,0.9,3,0.1,0.5971928960044721,0.5959989740959221,0.9292436878456997
60,0.9,3,0.3,0.6034306661765104,0.5902839279199364,0.9318602585045711
60,0.9,3,0.5,0.53099420574305,0.47642232964581205,0.9160490642822342
60,0.9,3,0.7,0.251079704352481,0.17482557529134415,0.7368326025277276
60,0.9,5,0.05,0.5952595427298862,0.5965716305204402,0.9252199581577967
60,0.9,5,0.1,0.5958031827102591,0.5956716532982299,0.9260825953629668
60,0.9,5,0.3,0.6022820715803388,0.5906948397874827,0.927911042329407
60,0.9,5,0.5,0.5299969699634537,0.47915132386463266,0.9060671194795518
60,0.9,5,0.7,0.2451403008146751,0.17980220857096194,0.6679247986702204
